{
  "dependencies": {
    "mssql1": {
      "serviceConnectorResourceId": "/subscriptions/[parameters('subscriptionId')]/resourcegroups/[parameters('resourceGroupName')]/providers/Microsoft.Web/sites/WebAPIsujral/providers/Microsoft.ServiceLinker/linkers/ConnectionStringsDefaultConnection_915DD909F0",
      "secretStore": "AzureAppSettings",
      "resourceId": "/subscriptions/[parameters('subscriptionId')]/resourcegroups/[parameters('resourceGroupName')]/providers/Microsoft.Sql/servers/webapig5dbserver/databases/WebAPIg5_db",
      "type": "mssql.azure",
      "connectionId": "ConnectionStrings:DefaultConnection",
      "dynamicId": null
    }
  }
}